{"cameraMode":{"drawMode":0,"name":"Shaded","section":"Shading Mode"},"sceneLighting":true,"audioPlay":false,"sceneViewState":{"showFog":false,"showMaterialUpdate":false,"showSkybox":false,"showFlares":false,"showImageEffects":false,"showParticleSystems":false},"in2DMode":false,"pivot":{"x":1.4766569137573243,"y":-0.5806746482849121,"z":-14.152393341064454},"rotation":{"x":-0.021226640790700914,"y":0.9765673279762268,"z":-0.18104608356952668,"w":-0.11448398232460022},"size":10.0,"orthographic":false}